{"initial_reset_timestamp": 1548434281.3576906, "timestamps": [1548434281.7732651, 1548434282.3057206, 1548434282.7412758, 1548434283.6254072, 1548434284.119901, 1548434284.902102, 1548434285.3876054, 1548434285.856126, 1548434286.5554109, 1548434287.362587, 1548434287.8895564, 1548434288.3850493, 1548434289.096828, 1548434289.9659398, 1548434290.4764178, 1548434291.6472208, 1548434292.9968407, 1548434293.9558604, 1548434294.85594, 1548434295.9598126, 1548434296.575183, 1548434297.426313, 1548434298.441275, 1548434299.1465545, 1548434299.7948906, 1548434300.7844791, 1548434301.5147324, 1548434302.7075136, 1548434303.7714262, 1548434305.1540122, 1548434305.8193321, 1548434306.6634696, 1548434307.4806335, 1548434308.4356577, 1548434309.2598155, 1548434310.4835641, 1548434310.98605, 1548434311.454571, 1548434312.0482025, 1548434312.4479833], "episode_lengths": [72, 73, 59, 106, 68, 81, 57, 61, 67, 71, 60, 60, 84, 91, 56, 117, 117, 91, 82, 103, 61, 77, 103, 80, 68, 113, 68, 111, 85, 136, 76, 94, 100, 95, 103, 113, 56, 60, 86, 57], "episode_rewards": [-540.0250445507215, -588.564041417118, -591.9725011383412, -582.6136291084022, -638.8676344394515, -767.2526215989687, -756.5076046129606, -540.7208307019685, -468.64873538414724, -688.0297646148437, -620.5534489933278, -791.6420158965435, -984.6514485095055, -1173.6809535509558, -754.6782451591635, -1656.5106515266511, -1664.013052937584, -1210.5459680197514, -954.768054509714, -1348.7618213462351, -795.5752987429996, -876.6190950209065, -1388.4096298412564, -940.6463313973145, -825.6276131881302, -1550.2124695572465, -789.5603947043998, -1401.2342506537432, -1012.4163582007751, -1993.6074194327757, -901.2545647382301, -1224.4489784110874, -1380.0305213014308, -1269.664120773525, -1377.3812890276586, -1586.0713166680512, -696.3806619051592, -771.372644430219, -1068.2758488620784, -740.0448708596956], "episode_types": ["t", "t", "t", "t", "t", "t", "t", "t", "t", "t", "t", "t", "t", "t", "t", "t", "t", "t", "t", "t", "t", "t", "t", "t", "t", "t", "t", "t", "t", "t", "t", "t", "t", "t", "t", "t", "t", "t", "t", "t"]}