{"initial_reset_timestamp": 1582543147.7571242, "timestamps": [1582543147.763808, 1582543147.765904, 1582543147.7688022, 1582543147.776356, 1582543147.777855, 1582543147.782099, 1582543147.784155, 1582543147.78636, 1582543147.7884202, 1582543147.79004, 1582543147.7918599, 1582543147.794673, 1582543147.797154, 1582543147.798242, 1582543147.799631, 1582543147.802358, 1582543147.8044312, 1582543147.808186, 1582543147.810109, 1582543147.811261, 1582543147.813026, 1582543147.814568, 1582543147.81773, 1582543147.820887, 1582543147.822484, 1582543147.8242931, 1582543147.826297, 1582543147.832136, 1582543147.837409, 1582543147.838958, 1582543147.846518, 1582543147.84863, 1582543147.8524249, 1582543147.8551722, 1582543147.857237, 1582543147.8592372, 1582543147.861655, 1582543147.863889, 1582543147.865216, 1582543147.869749, 1582543147.871922, 1582543147.87329, 1582543147.874624, 1582543147.875629, 1582543147.878616, 1582543147.8835719, 1582543147.8876538, 1582543147.890375, 1582543147.892359, 1582543147.8942468, 1582543147.8968809, 1582543147.898912, 1582543147.9018009, 1582543147.9029682, 1582543147.905654, 1582543147.9075599, 1582543147.909447, 1582543147.912467, 1582543147.913623, 1582543147.915195, 1582543147.917592, 1582543147.919733, 1582543147.922281, 1582543147.9251158, 1582543147.927464, 1582543147.932127, 1582543147.935646, 1582543147.938591, 1582543147.9409769, 1582543147.942761, 1582543147.943871, 1582543147.9478662, 1582543147.9536068, 1582543147.957473, 1582543147.959815, 1582543147.962267, 1582543147.96523, 1582543147.9667242, 1582543147.968381, 1582543147.970261, 1582543147.972616, 1582543147.9747279, 1582543147.976192, 1582543147.977671, 1582543147.979794, 1582543147.982731, 1582543147.9859142, 1582543147.9874291, 1582543147.991359, 1582543147.994546, 1582543147.99597, 1582543148.0183082, 1582543148.021195, 1582543148.024012, 1582543148.028054, 1582543148.03161, 1582543148.0340748, 1582543148.035095, 1582543148.039135, 1582543148.0415401, 1582543150.115181, 1582543150.317035, 1582543150.3189068, 1582543150.320052, 1582543150.321737, 1582543150.3238468, 1582543150.325218, 1582543150.328777, 1582543150.331075, 1582543150.333861, 1582543150.3358169, 1582543150.337193, 1582543150.338176, 1582543150.339788, 1582543150.343881, 1582543150.34547, 1582543150.3463411, 1582543150.348468, 1582543150.352145, 1582543150.35577, 1582543150.357121, 1582543150.358733, 1582543150.359963, 1582543150.3613498, 1582543150.364011, 1582543150.367837, 1582543150.3697338, 1582543150.370791, 1582543150.373366, 1582543150.374781, 1582543150.376592, 1582543150.378844, 1582543150.3811321, 1582543150.3834398, 1582543150.3847208, 1582543150.386293, 1582543150.388075, 1582543150.3895419, 1582543150.392268, 1582543150.393687, 1582543150.394836, 1582543150.396149, 1582543150.397687, 1582543150.3997052, 1582543150.4007838, 1582543150.402242, 1582543150.403263, 1582543150.406585, 1582543150.40896, 1582543150.4102871, 1582543150.41243, 1582543150.4139252, 1582543150.464965, 1582543150.466126, 1582543150.4685912, 1582543150.470678, 1582543150.472696, 1582543150.4738529, 1582543150.474994, 1582543150.477675, 1582543150.479131, 1582543150.4803789, 1582543150.482285, 1582543150.48523, 1582543150.487185, 1582543150.490162, 1582543150.492713, 1582543150.496508, 1582543150.4992452, 1582543150.50269, 1582543150.504323, 1582543150.506618, 1582543150.5085719, 1582543150.510203, 1582543150.511856, 1582543150.514225, 1582543150.51617, 1582543150.519634, 1582543150.521514, 1582543150.5226932, 1582543150.526886, 1582543150.531342, 1582543150.534261, 1582543150.538502, 1582543150.540787, 1582543150.5434592, 1582543150.5474079, 1582543150.5504751, 1582543150.5517929, 1582543150.553893, 1582543150.556936, 1582543150.558602, 1582543150.560595, 1582543150.565484, 1582543150.5685172, 1582543150.569959, 1582543150.572768, 1582543150.574147, 1582543150.575467, 1582543150.577124, 1582543154.653409, 1582543154.811637, 1582543154.816972, 1582543154.819614, 1582543154.8207119, 1582543154.822901, 1582543154.824074, 1582543154.825481, 1582543154.827913, 1582543154.8292632, 1582543154.8310049, 1582543154.832181, 1582543154.835157, 1582543154.837813, 1582543154.839348, 1582543154.8404748, 1582543154.842751, 1582543154.84433, 1582543154.8457448, 1582543154.847476, 1582543154.848922, 1582543154.850477, 1582543154.853544, 1582543154.8551521, 1582543154.856363, 1582543154.8581681, 1582543154.860609, 1582543154.862904, 1582543154.864882, 1582543154.867269, 1582543154.8697548, 1582543154.871762, 1582543154.873146, 1582543154.874518, 1582543154.8767848, 1582543154.8780742, 1582543154.883631, 1582543154.8850958, 1582543154.886312, 1582543154.8915358, 1582543154.8929331, 1582543154.894258, 1582543154.895334, 1582543154.8979468, 1582543154.900377, 1582543154.9034271, 1582543154.905772, 1582543154.907091, 1582543154.908767, 1582543154.9104042, 1582543154.911715, 1582543154.912828, 1582543154.9151769, 1582543154.9162009, 1582543154.9176419, 1582543154.91986, 1582543154.921659, 1582543154.9228601, 1582543154.923737, 1582543154.925406, 1582543154.9271529, 1582543154.928593, 1582543154.929976, 1582543154.933012, 1582543154.9367502, 1582543154.9384708, 1582543154.939876, 1582543154.948297, 1582543154.953759, 1582543154.957015, 1582543154.9592278, 1582543154.962695, 1582543154.965316, 1582543154.9672582, 1582543154.968917, 1582543154.970467, 1582543154.971746, 1582543154.9731462, 1582543154.974221, 1582543154.975637, 1582543154.977696, 1582543154.979626, 1582543154.982975, 1582543154.984666, 1582543154.9857259, 1582543154.987989, 1582543154.989402, 1582543154.9909692, 1582543154.9930189, 1582543154.995135, 1582543154.9966102, 1582543154.997653, 1582543154.999189, 1582543155.00042, 1582543155.002256, 1582543155.003658, 1582543155.008679, 1582543155.011124, 1582543155.0127401, 1582543155.01464, 1582543156.6519208, 1582543156.811674, 1582543156.814132, 1582543156.815385, 1582543156.818914, 1582543156.8206651, 1582543156.8218188, 1582543156.8232691, 1582543156.8245802, 1582543156.8260438, 1582543156.827907, 1582543156.829049, 1582543156.830837, 1582543156.8319502, 1582543156.833489, 1582543156.8355782, 1582543156.8374012, 1582543156.8400152, 1582543156.840957, 1582543156.8428822, 1582543156.8445818, 1582543156.84598, 1582543156.847626, 1582543156.849171, 1582543156.850601, 1582543156.852603, 1582543156.85512, 1582543156.856853, 1582543156.859298, 1582543156.865006, 1582543156.867637, 1582543156.869212, 1582543156.8711848, 1582543156.872836, 1582543156.874979, 1582543156.876137, 1582543156.877713, 1582543156.878648, 1582543156.879998, 1582543156.8813639, 1582543156.882787, 1582543156.884362, 1582543156.885737, 1582543156.8870919, 1582543156.888295, 1582543156.890306, 1582543156.891626, 1582543156.893431, 1582543156.895054, 1582543156.897526, 1582543156.898458, 1582543156.9001348, 1582543156.901779, 1582543156.9041128, 1582543156.9056451, 1582543156.907021, 1582543156.908771, 1582543156.9197178, 1582543156.9231548, 1582543156.925326, 1582543156.9268491, 1582543156.928562, 1582543156.9297621, 1582543156.931031, 1582543156.933173, 1582543156.934336, 1582543156.9357371, 1582543156.936866, 1582543156.9377458, 1582543156.939877, 1582543156.9413278, 1582543156.943653, 1582543156.9450219, 1582543156.946296, 1582543156.948906, 1582543156.9507148, 1582543156.951945, 1582543156.953141, 1582543156.954775, 1582543156.956477, 1582543156.957728, 1582543156.958996, 1582543156.9602401, 1582543156.962146, 1582543156.9643111, 1582543156.982065, 1582543156.9870842, 1582543156.988837, 1582543156.990392, 1582543156.991412, 1582543156.992587, 1582543156.9940128, 1582543156.995286, 1582543156.996903, 1582543156.998713, 1582543156.9999301, 1582543157.0016708, 1582543157.0026948, 1582543157.003681, 1582543157.005208, 1582543161.525506, 1582543161.687867, 1582543161.690207, 1582543161.691427, 1582543161.693556, 1582543161.694665, 1582543161.696395, 1582543161.6979358, 1582543161.700366, 1582543161.7017071, 1582543161.705288, 1582543161.7066822, 